total,lvl1,lvl2,lvl3,total gold,sallary,income,months,income per month
40,10,20,10,150000,84546,65454,30,ࢅ
50,10,20,20,150000,105111,44889,30,ט
60,10,20,30,150000,110120,39880,27,ׅ
70,10,20,40,150000,152674,-2674,33,ﾯ
80,10,20,50,150000,148382,1618,28,9
90,10,20,60,150000,175334,-25334,30,ﲴ
100,10,20,70,150000,181120,-31120,28,ﮩ
110,10,20,80,150000,198800,-48800,28,爐
120,10,20,90,150000,229938,-79938,30,
130,10,20,100,150000,255061,-105061,31,
50,10,30,10,150000,80503,69497,21,೭
60,10,30,20,150000,64372,85628,14,៤
70,10,30,30,150000,111650,38350,22,ۏ
80,10,30,40,150000,107044,42956,19,ࣔ
90,10,30,50,150000,112623,37377,18,ࠜ
100,10,30,60,150000,128894,21106,18,Ҕ
110,10,30,70,150000,136863,13137,18,˙
120,10,30,80,150000,147440,2560,18,
130,10,30,90,150000,179224,-29224,20,碑
140,10,30,100,150000,154698,-4698,16,ﻛ
60,10,40,10,150000,60240,89760,12,ᴸ
70,10,40,20,150000,59130,90870,10,⍿
80,10,40,30,150000,74850,75150,12,ᡶ
90,10,40,40,150000,95106,54894,14,ད
100,10,40,50,150000,104976,45024,14,ಐ
110,10,40,60,150000,105378,44622,13,൨
120,10,40,70,150000,129654,20346,15,Ռ
130,10,40,80,150000,130905,19095,14,Փ
140,10,40,90,150000,159216,-9216,16,ﷀ
150,10,40,100,150000,160599,-10599,15,﴾
70,10,50,10,150000,68556,81444,11,ᳬ
80,10,50,20,150000,58752,91248,9,➚
90,10,50,30,150000,65555,84445,9,⒦
100,10,50,40,150000,102828,47172,13,ฬ
110,10,50,50,150000,101434,48566,12,࿏
120,10,50,60,150000,74800,75200,8,Ⓒ
130,10,50,70,150000,120273,29727,12,ভ
140,10,50,80,150000,120100,29900,12,঻
150,10,50,90,150000,142305,7695,13,ɏ
160,10,50,100,150000,100408,49592,8,ᠷ
80,10,60,10,150000,55012,94988,8,⹡
90,10,60,20,150000,56203,93797,7,㑗
100,10,60,30,150000,50640,99360,6,䂰
110,10,60,40,150000,97352,52648,11,ኲ
120,10,60,50,150000,99682,50318,10,Ꭷ
130,10,60,60,150000,120393,29607,12,ণ
140,10,60,70,150000,115076,34924,11,౦
150,10,60,80,150000,128865,21135,11,ށ
160,10,60,90,150000,139432,10568,12,Ͱ
170,10,60,100,150000,137250,12750,11,҇
90,10,70,10,150000,52533,97467,6,㽴
100,10,70,20,150000,78288,71712,9,ἠ
110,10,70,30,150000,83655,66345,9,᳋
120,10,70,40,150000,91344,58656,9,᥵
130,10,70,50,150000,81039,68961,7,♻
140,10,70,60,150000,99198,50802,9,ᘌ
150,10,70,70,150000,112062,37938,9,ၷ
160,10,70,80,150000,132840,17160,11,ؘ
170,10,70,90,150000,96390,53610,7,ᷪ
180,10,70,100,150000,101640,48360,7,᫼
100,10,80,10,150000,66660,83340,7,⺁
110,10,80,20,150000,71957,78043,7,⮍
120,10,80,30,150000,66600,83400,6,㙌
130,10,80,40,150000,87132,62868,8,Ẳ
140,10,80,50,150000,86744,63256,7,⍌
150,10,80,60,150000,84901,65099,7,⑓
160,10,80,70,150000,90024,59976,7,ⅸ
170,10,80,80,150000,86385,63615,6,⥪
180,10,80,90,150000,116552,33448,8,ၕ
190,10,80,100,150000,109766,40234,7,ᙳ
110,10,90,10,150000,69482,80518,7,ⳮ
120,10,90,20,150000,80236,69764,7,⛮
130,10,90,30,150000,77220,72780,7,⢝
140,10,90,40,150000,79808,70192,6,ⶲ
150,10,90,50,150000,78751,71249,6,⹢
160,10,90,60,150000,81664,68336,6,ⱽ
170,10,90,70,150000,79663,70337,5,㛳
180,10,90,80,150000,95620,54380,6,⍧
190,10,90,90,150000,96506,53494,6,⋓
200,10,90,100,150000,98800,51200,6,⅕
120,10,100,10,150000,73332,76668,6,㇪
130,10,100,20,150000,68058,81942,5,䀄
140,10,100,30,150000,78120,71880,6,⻌
150,10,100,40,150000,90279,59721,7,⅓
160,10,100,50,150000,89628,60372,6,❎
170,10,100,60,150000,94806,55194,6,⏯
180,10,100,70,150000,90432,59568,6,⛈
190,10,100,80,150000,99225,50775,6,ℎ
200,10,100,90,150000,106236,43764,6,᱾
210,10,100,100,150000,105867,44133,6,᲻
50,20,20,10,150000,110145,39855,36,ѓ
60,20,20,20,150000,97740,52260,27,ޏ
70,20,20,30,150000,103404,46596,24,ޕ
80,20,20,40,150000,115632,34368,24,֘
90,20,20,50,150000,142128,7872,26,Į
100,20,20,60,150000,177480,-27480,29,ﱍ
110,20,20,70,150000,181467,-31467,27,ﭳ
120,20,20,80,150000,208368,-58368,28,
130,20,20,90,150000,231777,-81777,29,
140,20,20,100,150000,284886,-134886,33,
60,20,30,10,150000,56520,93480,14,ᨕ
70,20,30,20,150000,80178,69822,17,ဋ
80,20,30,30,150000,96226,53774,18,஫
90,20,30,40,150000,103791,46209,17,ઞ
100,20,30,50,150000,132384,17616,20,Ͱ
110,20,30,60,150000,126665,23335,18,Ԑ
120,20,30,70,150000,167162,-17162,21,ﳏ
130,20,30,80,150000,166993,-16993,20,ﲯ
140,20,30,90,150000,168344,-18344,19,ﰻ
150,20,30,100,150000,163560,-13560,17,ﳣ
70,20,40,10,150000,63950,86050,12,ᰂ
80,20,40,20,150000,81228,68772,14,ጰ
90,20,40,30,150000,88102,61898,14,ᅅ
100,20,40,40,150000,93602,56398,13,ჲ
110,20,40,50,150000,105339,44661,14,౶
120,20,40,60,150000,123400,26600,15,ۭ
130,20,40,70,150000,142244,7756,16,Ǥ
140,20,40,80,150000,142324,7676,15,ǿ
150,20,40,90,150000,164689,-14689,16,ﱪ
160,20,40,100,150000,158184,-8184,15,﷟
80,20,50,10,150000,61740,88260,10,≺
90,20,50,20,150000,68904,81096,10,ᾭ
100,20,50,30,150000,84132,65868,11,ᝤ
110,20,50,40,150000,107874,42126,13,ನ
120,20,50,50,150000,100044,49956,11,ᆽ
130,20,50,60,150000,118485,31515,13,ॸ
140,20,50,70,150000,117552,32448,12,ઐ
150,20,50,80,150000,142851,7149,14,Ǿ
160,20,50,90,150000,140346,9654,12,̤
170,20,50,100,150000,148257,1743,13,
90,20,60,10,150000,52500,97500,7,㙨
100,20,60,20,150000,66196,83804,8,⣫
110,20,60,30,150000,87535,62465,10,ᡦ
120,20,60,40,150000,91608,58392,10,ᛏ
130,20,60,50,150000,105092,44908,11,࿲
140,20,60,60,150000,93750,56250,9,ᡪ
150,20,60,70,150000,88616,61384,8,᷹
160,20,60,80,150000,120792,29208,10,୨
170,20,60,90,150000,135169,14831,11,Մ
180,20,60,100,150000,114018,35982,9,ྞ
100,20,70,10,150000,73680,76320,9,℠
110,20,70,20,150000,54911,95089,6,㷨
120,20,70,30,150000,87860,62140,9,᫸
130,20,70,40,150000,79233,70767,8,⊍
140,20,70,50,150000,78624,71376,7,⟔
150,20,70,60,150000,112640,37360,10,ຘ
160,20,70,70,150000,127658,22342,11,߯
170,20,70,80,150000,95587,54413,7,ṝ
180,20,70,90,150000,116608,33392,9,๾
190,20,70,100,150000,143045,6955,10,ʷ
110,20,80,10,150000,60975,89025,6,㧵
120,20,80,20,150000,67296,82704,7,⸦
130,20,80,30,150000,93687,56313,9,ᡱ
140,20,80,40,150000,73872,76128,6,㆐
150,20,80,50,150000,79743,70257,6,ⶽ
160,20,80,60,150000,94380,55620,7,Ἁ
170,20,80,70,150000,82278,67722,6,Ⱇ
180,20,80,80,150000,117348,32652,8,࿱
190,20,80,90,150000,104535,45465,7,ᥟ
200,20,80,100,150000,94032,55968,6,⑰
120,20,90,10,150000,69400,80600,6,㑹
130,20,90,20,150000,69483,80517,6,㑫
140,20,90,30,150000,74816,75184,6,ヲ
150,20,90,40,150000,79060,70940,6,ⸯ
160,20,90,50,150000,80848,69152,6,ⴅ
170,20,90,60,150000,84955,65045,6,⩘
180,20,90,70,150000,92276,57724,6,▔
190,20,90,80,150000,125244,24756,8,ఖ
200,20,90,90,150000,109076,40924,7,ᛖ
210,20,90,100,150000,110880,39120,7,ᗔ
130,20,100,10,150000,70455,79545,6,㏉
140,20,100,20,150000,88624,61376,7,≀
150,20,100,30,150000,83875,66125,6,⬌
160,20,100,40,150000,85504,64496,6,⧽
170,20,100,50,150000,87837,62163,6,⡸
180,20,100,60,150000,94080,55920,6,⑨
190,20,100,70,150000,93732,56268,6,⒢
200,20,100,80,150000,98496,51504,6,ↈ
210,20,100,90,150000,103332,46668,6,Ṣ
220,20,100,100,150000,108896,41104,6,᫂
60,30,20,10,150000,91040,58960,28,࠹
70,30,20,20,150000,128782,21218,33,ʂ
80,30,20,30,150000,121330,28670,27,Х
90,30,20,40,150000,157525,-7525,31,．
100,30,20,50,150000,166096,-16096,29,﷕
110,30,20,60,150000,173445,-23445,27,ﲜ
120,30,20,70,150000,189448,-39448,27,碑
130,30,20,80,150000,217301,-67301,29,
140,30,20,90,150000,243600,-93600,30,
150,30,20,100,150000,337636,-187636,39,
70,30,30,10,150000,80262,69738,19,๖
80,30,30,20,150000,84120,65880,17,༣
90,30,30,30,150000,112860,37140,20,݁
100,30,30,40,150000,113370,36630,18,߳
110,30,30,50,150000,138468,11532,20,ɀ
120,30,30,60,150000,126576,23424,17,ա
130,30,30,70,150000,157677,-7677,20,ﺁ
140,30,30,80,150000,179466,-29466,21,徭
150,30,30,90,150000,163350,-13350,18,ﴛ
160,30,30,100,150000,179520,-29520,18,輦
80,30,40,10,150000,79950,70050,15,ሾ
90,30,40,20,150000,80040,69960,13,ᔅ
100,30,40,30,150000,104928,45072,16,ଁ
110,30,40,40,150000,93765,56235,13,ქ
120,30,40,50,150000,129276,20724,17,Ӄ
130,30,40,60,150000,110044,39956,13,ఁ
140,30,40,70,150000,139964,10036,15,ʝ
150,30,40,80,150000,137193,12807,14,Β
160,30,40,90,150000,159550,-9550,15,ﶄ
170,30,40,100,150000,129479,20521,12,ڮ
90,30,50,10,150000,78399,71601,12,ᝎ
100,30,50,20,150000,87074,62926,12,ᑻ
110,30,50,30,150000,95349,54651,12,ᇊ
120,30,50,40,150000,97080,52920,12,ᄺ
130,30,50,50,150000,112144,37856,13,ୠ
140,30,50,60,150000,125028,24972,13,ހ
150,30,50,70,150000,129899,20101,13,؊
160,30,50,80,150000,108160,41840,10,ၘ
170,30,50,90,150000,132440,17560,12,ַ
180,30,50,100,150000,159906,-9906,13,ﴆ
100,30,60,10,150000,97272,52728,13,࿘
110,30,60,20,150000,90168,59832,11,ᔿ
120,30,60,30,150000,88452,61548,10,᠊
130,30,60,40,150000,95760,54240,10,ᔰ
140,30,60,50,150000,87216,62784,9,ᭀ
150,30,60,60,150000,87567,62433,8,Ṽ
160,30,60,70,150000,104274,45726,9,Ꮨ
170,30,60,80,150000,118104,31896,10,౵
180,30,60,90,150000,129540,20460,10,߾
190,30,60,100,150000,145782,4218,11,ſ
110,30,70,10,150000,70438,79562,8,⛙
120,30,70,20,150000,80168,69832,9,ṏ
130,30,70,30,150000,78208,71792,8,⌎
140,30,70,40,150000,78250,71750,7,⠊
150,30,70,50,150000,100806,49194,9,ᕚ
160,30,70,60,150000,105504,44496,9,ፐ
170,30,70,70,150000,77467,72533,6,⼸
180,30,70,80,150000,99882,50118,8,ᡸ
190,30,70,90,150000,93275,56725,7,ᾧ
200,30,70,100,150000,128112,21888,9,ঀ
120,30,80,10,150000,45172,104828,4,晟
130,30,80,20,150000,65758,84242,6,㛘
140,30,80,30,150000,81016,68984,7,♾
150,30,80,40,150000,95700,54300,8,᪃
160,30,80,50,150000,87812,62188,7,⊴
170,30,80,60,150000,87535,62465,7,⋛
180,30,80,70,150000,95744,54256,7,Ṇ
190,30,80,80,150000,89244,60756,6,➎
200,30,80,90,150000,97020,52980,6,≾
210,30,80,100,150000,97455,52545,6,∵
130,30,90,10,150000,79305,70695,7,❳
140,30,90,20,150000,74088,75912,6,ㅬ
150,30,90,30,150000,87210,62790,7,⌊
160,30,90,40,150000,79320,70680,6,⸄
170,30,90,50,150000,81270,68730,6,ⲿ
180,30,90,60,150000,85140,64860,6,⨺
190,30,90,70,150000,97359,52641,7,ᵠ
200,30,90,80,150000,96048,53952,6,⌠
210,30,90,90,150000,116550,33450,7,ኪ
220,30,90,100,150000,122694,27306,7,༼
140,30,100,10,150000,79632,70368,7,❄
150,30,100,20,150000,78116,71884,6,⻌
160,30,100,30,150000,86552,63448,6,⥎
170,30,100,40,150000,84045,65955,6,⫰
180,30,100,50,150000,90100,59900,6,⛿
190,30,100,60,150000,94004,55996,6,⑴
200,30,100,70,150000,97976,52024,6,⇞
210,30,100,80,150000,102872,47128,6,Ắ
220,30,100,90,150000,107840,42160,6,᭲
230,30,100,100,150000,111054,38946,6,ᥛ
70,40,20,10,150000,100895,49105,29,ڝ
80,40,20,20,150000,137620,12380,34,Ŭ
90,40,20,30,150000,145360,4640,31,
100,40,20,40,150000,175500,-25500,33,ﳼ
110,40,20,50,150000,180641,-30641,31,ﰤ
120,40,20,60,150000,204896,-54896,32,淚
130,40,20,70,150000,222705,-72705,31,
140,40,20,80,150000,242098,-92098,31,
150,40,20,90,150000,250428,-100428,30,
160,40,20,100,150000,272448,-122448,30,
80,40,30,10,150000,81026,68974,18,໷
90,40,30,20,150000,102125,47875,20,ख़
100,40,30,30,150000,98700,51300,17,௉
110,40,30,40,150000,113398,36602,18,߱
120,40,30,50,150000,131002,18998,19,ϧ
130,40,30,60,150000,150442,-442,20,￪
140,40,30,70,150000,162840,-12840,20,ﵾ
150,40,30,80,150000,169635,-19635,19,ﯷ
160,40,30,90,150000,156354,-6354,16,ﹳ
170,40,30,100,150000,207662,-57662,21,
90,40,40,10,150000,72144,77856,13,ᝤ
100,40,40,20,150000,91590,58410,15,༶
110,40,40,30,150000,99693,50307,15,ങ
120,40,40,40,150000,112968,37032,15,ত
130,40,40,50,150000,117741,32259,15,ࡦ
140,40,40,60,150000,127932,22068,15,ֿ
150,40,40,70,150000,145755,4245,16,ĉ
160,40,40,80,150000,157248,-7248,16,︻
170,40,40,90,150000,153357,-3357,15,Ａ
180,40,40,100,150000,173826,-23826,16,隷
100,40,50,10,150000,62272,87728,9,☓
110,40,50,20,150000,98525,51475,14,๜
120,40,50,30,150000,100814,49186,13,໇
130,40,50,40,150000,108978,41022,13,౓
140,40,50,50,150000,90684,59316,10,ᜫ
150,40,50,60,150000,120085,29915,12,়
160,40,50,70,150000,123050,26950,12,ࣅ
170,40,50,80,150000,141245,8755,13,ʡ
180,40,50,90,150000,131544,18456,11,ڍ
190,40,50,100,150000,147500,2500,12,Ð
110,40,60,10,150000,75591,74409,10,ᴐ
120,40,60,20,150000,90280,59720,11,ᔵ
130,40,60,30,150000,65360,84640,7,⼻
140,40,60,40,150000,74060,75940,8,└
150,40,60,50,150000,113337,36663,11,അ
160,40,60,60,150000,111072,38928,10,༴
170,40,60,70,150000,111155,38845,10,༬
180,40,60,80,150000,130384,19616,11,۷
190,40,60,90,150000,145485,4515,11,ƚ
200,40,60,100,150000,116288,33712,9,ມ
120,40,70,10,150000,64974,85026,7,⽲
130,40,70,20,150000,94365,55635,10,ᖻ
140,40,70,30,150000,74208,75792,7,⩋
150,40,70,40,150000,114495,35505,11,ಛ
160,40,70,50,150000,98064,51936,9,ᚊ
170,40,70,60,150000,79458,70542,6,ⷭ
180,40,70,70,150000,95760,54240,7,Ṅ
190,40,70,80,150000,83097,66903,6,⮎
200,40,70,90,150000,103554,46446,7,᧫
210,40,70,100,150000,108054,41946,7,ᝨ
130,40,80,10,150000,72239,77761,7,⭤
140,40,80,20,150000,78500,71500,7,⟦
150,40,80,30,150000,73935,76065,6,ㆅ
160,40,80,40,150000,84784,65216,7,⑤
170,40,80,50,150000,96937,53063,8,᧨
180,40,80,60,150000,82956,67044,6,⮦
190,40,80,70,150000,114920,35080,8,ᄡ
200,40,80,80,150000,99688,50312,7,ᰓ
210,40,80,90,150000,96560,53440,6,⋊
220,40,80,100,150000,109520,40480,7,ᚖ
140,40,90,10,150000,76856,73144,7,⣑
150,40,90,20,150000,86295,63705,7,⎌
160,40,90,30,150000,88624,61376,7,≀
170,40,90,40,150000,93635,56365,7,ὴ
180,40,90,50,150000,80640,69360,6,⴨
190,40,90,60,150000,103649,46351,7,᧝
200,40,90,70,150000,91140,58860,6,♒
210,40,90,80,150000,98915,51085,6,⅂
220,40,90,90,150000,112860,37140,7,ᒹ
230,40,90,100,150000,116367,33633,7,ዄ
150,40,100,10,150000,83790,66210,7,⓲
160,40,100,20,150000,81480,68520,6,Ⲝ
170,40,100,30,150000,79758,70242,6,ⶻ
180,40,100,40,150000,85668,64332,6,⧢
190,40,100,50,150000,97152,52848,7,ᵽ
200,40,100,60,150000,97992,52008,6,⇜
210,40,100,70,150000,98775,51225,6,⅙
220,40,100,80,150000,102804,47196,6,Ẻ
230,40,100,90,150000,107568,42432,6,ᮠ
240,40,100,100,150000,120960,29040,7,ဴ
80,50,20,10,150000,101484,48516,28,ۄ
90,50,20,20,150000,130410,19590,31,ɷ
100,50,20,30,150000,179640,-29640,37,ﳟ
110,50,20,40,150000,155628,-5628,28,Ｗ
120,50,20,50,150000,225930,-75930,37,
130,50,20,60,150000,218262,-68262,33,
140,50,20,70,150000,253332,-103332,35,
150,50,20,80,150000,208377,-58377,26,
160,50,20,90,150000,260232,-110232,30,
170,50,20,100,150000,290475,-140475,32,
90,50,30,10,150000,90873,59127,19,ధ
100,50,30,20,150000,105560,44440,20,ࢮ
110,50,30,30,150000,109156,40844,18,ࣝ
120,50,30,40,150000,122048,27952,19,ֿ
130,50,30,50,150000,125055,24945,17,ֻ
140,50,30,60,150000,165946,-15946,21,ﴉ
150,50,30,70,150000,178350,-28350,21,諸
160,50,30,80,150000,162272,-12272,18,ﵗ
170,50,30,90,150000,185979,-35979,19,
180,50,30,100,150000,151500,-1500,15,ﾜ
100,50,40,10,150000,88844,61156,15,࿭
110,50,40,20,150000,103230,46770,16,୫
120,50,40,30,150000,111078,38922,16,ঀ
130,50,40,40,150000,120065,29935,16,ݎ
140,50,40,50,150000,132160,17840,16,ћ
150,50,40,60,150000,138503,11497,16,ˎ
160,50,40,70,150000,153870,-3870,16,／
170,50,40,80,150000,158319,-8319,16,ﷹ
180,50,40,90,150000,155480,-5480,14,ﹹ
190,50,40,100,150000,190575,-40575,17,
110,50,50,10,150000,89430,60570,13,ሳ
120,50,50,20,150000,78552,71448,10,ᯨ
130,50,50,30,150000,113802,36198,14,ਙ
140,50,50,40,150000,120960,29040,14,ࠚ
150,50,50,50,150000,102780,47220,11,Ⴤ
160,50,50,60,150000,139728,10272,14,˝
170,50,50,70,150000,121380,28620,11,਩
180,50,50,80,150000,126684,23316,11,ࡇ
190,50,50,90,150000,133095,16905,11,؀
200,50,50,100,150000,160920,-10920,13,ﲸ
120,50,60,10,150000,57608,92392,7,㎎
130,50,60,20,150000,74046,75954,9,⃷
140,50,60,30,150000,99308,50692,11,ሀ
150,50,60,40,150000,98230,51770,10,ᐹ
160,50,60,50,150000,102050,47950,10,ኻ
170,50,60,60,150000,125663,24337,11,ࢤ
180,50,60,70,150000,94136,55864,8,ᭇ
190,50,60,80,150000,92866,57134,7,ῢ
200,50,60,90,150000,124930,25070,10,ো
210,50,60,100,150000,157820,-7820,12,ﵵ
130,50,70,10,150000,66392,83608,7,⺨
140,50,70,20,150000,85790,64210,9,ᯞ
150,50,70,30,150000,87171,62829,8,ậ
160,50,70,40,150000,98072,51928,9,ᚉ
170,50,70,50,150000,104610,45390,9,Ꮃ
180,50,70,60,150000,97324,52676,8,ᦸ
190,50,70,70,150000,125355,24645,10,ঠ
200,50,70,80,150000,84352,65648,6,⪽
210,50,70,90,150000,95408,54592,7,Ṷ
220,50,70,100,150000,97860,52140,6,⇲
140,50,80,10,150000,62640,87360,6,㣠
150,50,80,20,150000,69258,80742,6,㒑
160,50,80,30,150000,80298,69702,7,⛥
170,50,80,40,150000,91941,58059,8,᱙
180,50,80,50,150000,93600,56400,7,ό
190,50,80,60,150000,92862,57138,7,ῢ
200,50,80,70,150000,87846,62154,6,⡷
210,50,80,80,150000,92736,57264,6,╈
220,50,80,90,150000,104472,45528,7,ᥨ
230,50,80,100,150000,102225,47775,6,Ἒ
150,50,90,10,150000,69377,80623,6,㑽
160,50,90,20,150000,77224,72776,6,⽡
170,50,90,30,150000,81302,68698,6,ⲹ
180,50,90,40,150000,94364,55636,7,Ἄ
190,50,90,50,150000,100165,49835,7,ᯏ
200,50,90,60,150000,89148,60852,6,➞
210,50,90,70,150000,111825,38175,7,ᕍ
220,50,90,80,150000,100196,49804,6,⁬
230,50,90,90,150000,101794,48206,6,ὢ
240,50,90,100,150000,108800,41200,6,᫒
160,50,100,10,150000,78010,71990,6,⻞
170,50,100,20,150000,79300,70700,6,⸇
180,50,100,30,150000,86336,63664,6,⥲
190,50,100,40,150000,86363,63637,6,⥮
200,50,100,50,150000,90510,59490,6,⚻
210,50,100,60,150000,97966,52034,6,⇠
220,50,100,70,150000,102904,47096,6,ẩ
230,50,100,80,150000,103648,46352,6,ḭ
240,50,100,90,150000,106764,43236,6,ᰦ
250,50,100,100,150000,117300,32700,6,ᕊ
90,60,20,10,150000,107863,42137,28,נ
100,60,20,20,150000,125334,24666,28,Ͱ
110,60,20,30,150000,153100,-3100,30,ﾙ
120,60,20,40,150000,154392,-4392,27,～
130,60,20,50,150000,176731,-26731,28,ﱆ
140,60,20,60,150000,214506,-64506,31,
150,60,20,70,150000,246938,-96938,33,
160,60,20,80,150000,226560,-76560,28,
170,60,20,90,150000,309858,-159858,36,
180,60,20,100,150000,297482,-147482,32,
100,60,30,10,150000,91080,58920,18,೉
110,60,30,20,150000,97389,52611,18,୪
120,60,30,30,150000,106260,43740,17,਌
130,60,30,40,150000,120978,29022,18,ٌ
140,60,30,50,150000,159228,-9228,22,﹝
150,60,30,60,150000,158340,-8340,20,﹟
160,60,30,70,150000,177534,-27534,21,﫡
170,60,30,80,150000,143460,6540,15,ƴ
180,60,30,90,150000,189552,-39552,19,
190,60,30,100,150000,213027,-63027,20,
110,60,40,10,150000,101674,48326,17,ଚ
120,60,40,20,150000,103648,46352,16,୑
130,60,40,30,150000,110530,39470,15,ੇ
140,60,40,40,150000,111720,38280,14,મ
150,60,40,50,150000,136694,13306,16,̿
160,60,40,60,150000,127292,22708,14,ٖ
170,60,40,70,150000,161962,-11962,17,﵁
180,60,40,80,150000,158250,-8250,15,﷚
190,60,40,90,150000,172197,-22197,16,歹
200,60,40,100,150000,174272,-24272,15,瑩
120,60,50,10,150000,65858,84142,9,⒅
130,60,50,20,150000,79365,70635,10,ᮗ
140,60,50,30,150000,108320,41680,13,ಆ
150,60,50,40,150000,98986,51014,11,ም
160,60,50,50,150000,114264,35736,12,஢
170,60,50,60,150000,112063,37937,11,൸
180,60,50,70,150000,132444,17556,12,ַ
190,60,50,80,150000,126445,23555,11,࡝
200,60,50,90,150000,153758,-3758,13,ﻟ
210,60,50,100,150000,163663,-13663,13,ﯥ
130,60,60,10,150000,90324,59676,11,ᔱ
140,60,60,20,150000,91392,58608,10,ᛤ
150,60,60,30,150000,106605,43395,11,ཀྵ
160,60,60,40,150000,114528,35472,11,ಘ
170,60,60,50,150000,117810,32190,11,୮
180,60,60,60,150000,120852,29148,11,ਖ਼
190,60,60,70,150000,97926,52074,8,ᥭ
200,60,60,80,150000,123600,26400,10,੐
210,60,60,90,150000,139230,10770,11,ϓ
220,60,60,100,150000,150150,-150,11,￳
140,60,70,10,150000,62876,87124,7,ゞ
150,60,70,20,150000,73273,76727,7,⫑
160,60,70,30,150000,88250,61750,8,Ḧ
170,60,70,40,150000,117978,32022,11,ୟ
180,60,70,50,150000,102200,47800,9,ᒿ
190,60,70,60,150000,77998,72002,6,⻠
200,60,70,70,150000,87730,62270,7,⊿
210,60,70,80,150000,124800,25200,9,૰
220,60,70,90,150000,128112,21888,9,ঀ
230,60,70,100,150000,141503,8497,9,ΰ
150,60,80,10,150000,63504,86496,6,㡐
160,60,80,20,150000,67860,82140,6,㕺
170,60,80,30,150000,85635,64365,7,⏫
180,60,80,40,150000,96164,53836,8,ᩉ
190,60,80,50,150000,104920,45080,8,ᘃ
200,60,80,60,150000,98112,51888,7,᳴
210,60,80,70,150000,97753,52247,7,ᴧ
220,60,80,80,150000,94220,55780,6,⑐
230,60,80,90,150000,99134,50866,6,ℝ
240,60,80,100,150000,104956,45044,6,ᵓ
160,60,90,10,150000,72144,77856,6,㊰
170,60,90,20,150000,80370,69630,7,⛛
180,60,90,30,150000,76740,73260,6,⾲
190,60,90,40,150000,83286,66714,6,⭯
200,60,90,50,150000,85536,64464,6,⧸
210,60,90,60,150000,95841,54159,6,⍂
220,60,90,70,150000,104760,45240,7,᤾
230,60,90,80,150000,105000,45000,7,ᤜ
240,60,90,90,150000,103116,46884,6,Ẇ
250,60,90,100,150000,107730,42270,6,ᮅ
170,60,100,10,150000,87497,62503,7,⋡
180,60,100,20,150000,79484,70516,6,ⷨ
190,60,100,30,150000,88270,61730,6,⠰
200,60,100,40,150000,92140,57860,6,▫
210,60,100,50,150000,94927,55073,6,⏚
220,60,100,60,150000,98716,51284,6,Ⅳ
230,60,100,70,150000,107030,42970,6,᯹
240,60,100,80,150000,105280,44720,6,ᴝ
250,60,100,90,150000,110556,39444,6,᦮
260,60,100,100,150000,116100,33900,6,ᘒ
100,70,20,10,150000,146520,3480,36,`
110,70,20,20,150000,153640,-3640,33,ﾒ
120,70,20,30,150000,149890,110,28,
130,70,20,40,150000,152308,-2308,26,ﾨ
140,70,20,50,150000,182688,-32688,28,ﭱ
150,70,20,60,150000,214690,-64690,30,
160,70,20,70,150000,296096,-146096,38,
170,70,20,80,150000,237759,-87759,28,
180,70,20,90,150000,278212,-128212,31,
190,70,20,100,150000,331162,-181162,35,
110,70,30,10,150000,113500,36500,22,ٻ
120,70,30,20,150000,111776,38224,19,ߛ
130,70,30,30,150000,122078,27922,19,ֽ
140,70,30,40,150000,136850,13150,20,ʑ
150,70,30,50,150000,130462,19538,17,ѽ
160,70,30,60,150000,142840,7160,17,ƥ
170,70,30,70,150000,169549,-19549,19,ﯼ
180,70,30,80,150000,180872,-30872,19,令
190,70,30,90,150000,214669,-64669,21,
200,70,30,100,150000,200824,-50824,19,
120,70,40,10,150000,76800,73200,12,។
130,70,40,20,150000,98703,51297,14,๐
140,70,40,30,150000,100908,49092,14,඲
150,70,40,40,150000,111930,38070,14,ટ
160,70,40,50,150000,133938,16062,15,Ю
170,70,40,60,150000,138600,11400,15,˸
180,70,40,70,150000,154320,-4320,16,ﻲ
190,70,40,80,150000,166566,-16566,16,ﯵ
200,70,40,90,150000,178740,-28740,16,
210,70,40,100,150000,151791,-1791,13,ｷ
130,70,50,10,150000,99645,50355,14,ฌ
140,70,50,20,150000,96102,53898,12,ᆋ
150,70,50,30,150000,109060,40940,13,్
160,70,50,40,150000,118140,31860,13,঒
170,70,50,50,150000,117406,32594,12,જ
180,70,50,60,150000,133250,16750,13,Ԉ
190,70,50,70,150000,141881,8119,13,ɰ
200,70,50,80,150000,136752,13248,12,ѐ
210,70,50,90,150000,165967,-15967,14,ﮌ
220,70,50,100,150000,156488,-6488,12,﷤
140,70,60,10,150000,66840,83160,8,⢛
150,70,60,20,150000,88580,61420,10,៾
160,70,60,30,150000,102212,47788,11,ჸ
170,70,60,40,150000,110103,39897,11,ห
180,70,60,50,150000,119132,30868,11,૶
190,70,60,60,150000,122650,27350,11,শ
200,70,60,70,150000,141462,8538,12,ˇ
210,70,60,80,150000,138165,11835,11,г
220,70,60,90,150000,128064,21936,10,࢑
230,70,60,100,150000,155775,-5775,11,ﷳ
150,70,70,10,150000,72360,77640,8,◩
160,70,70,20,150000,96720,53280,10,ᓐ
170,70,70,30,150000,81039,68961,7,♻
180,70,70,40,150000,114696,35304,10,්
190,70,70,50,150000,91314,58686,8,Ყ
200,70,70,60,150000,80280,69720,6,ⵤ
210,70,70,70,150000,103194,46806,8,ᛚ
220,70,70,80,150000,99726,50274,7,ᰎ
230,70,70,90,150000,103983,46017,7,᦭
240,70,70,100,150000,116856,33144,8,ု
160,70,80,10,150000,67350,82650,6,㗏
170,70,80,20,150000,98156,51844,9, 
180,70,80,30,150000,85680,64320,7,⏤
190,70,80,40,150000,95698,54302,8,᪃
200,70,80,50,150000,87172,62828,7,⌏
210,70,80,60,150000,86450,63550,6,⥟
220,70,80,70,150000,91664,58336,6,◺
230,70,80,80,150000,107707,42293,7,យ
240,70,80,90,150000,145040,4960,9,ȧ
250,70,80,100,150000,112343,37657,7,ᔃ
170,70,90,10,150000,74965,75035,6,ベ
180,70,90,20,150000,74936,75064,6,マ
190,70,90,30,150000,87474,62526,7,⋤
200,70,90,40,150000,82432,67568,6,⯽
210,70,90,50,150000,94671,55329,7,Ỡ
220,70,90,60,150000,101010,48990,7,᭖
230,70,90,70,150000,101324,48676,6,ᾰ
240,70,90,80,150000,102600,47400,6,Ờ
250,70,90,90,150000,112180,37820,7,ᔚ
260,70,90,100,150000,122016,27984,7,ྜྷ
180,70,100,10,150000,80280,69720,6,ⵤ
190,70,100,20,150000,86058,63942,6,⦡
200,70,100,30,150000,85140,64860,6,⨺
210,70,100,40,150000,88251,61749,6,⠳
220,70,100,50,150000,93888,56112,6,⒈
230,70,100,60,150000,102075,47925,6,ἳ
240,70,100,70,150000,103116,46884,6,Ẇ
250,70,100,80,150000,110970,39030,6,ᥩ
260,70,100,90,150000,122724,27276,7,༸
270,70,100,100,150000,116754,33246,6,ᖥ
110,80,20,10,150000,111342,38658,26,׎
120,80,20,20,150000,123768,26232,25,Й
130,80,20,30,150000,177660,-27660,32,ﲠ
140,80,20,40,150000,161790,-11790,26,︻
150,80,20,50,150000,194898,-44898,29,林
160,80,20,60,150000,195732,-45732,27,北
170,80,20,70,150000,275223,-125223,35,
180,80,20,80,150000,268002,-118002,31,
190,80,20,90,150000,296550,-146550,32,
200,80,20,100,150000,293280,-143280,30,
120,80,30,10,150000,75686,74314,14,ᒼ
130,80,30,20,150000,111418,38582,19,߮
140,80,30,30,150000,114528,35472,17,ࠦ
150,80,30,40,150000,151095,-1095,21,ￌ
160,80,30,50,150000,149986,14,19, 
170,80,30,60,150000,160187,-10187,19,﷨
180,80,30,70,150000,195184,-45184,22,
190,80,30,80,150000,156181,-6181,16,ﹾ
200,80,30,90,150000,155500,-5500,15,ﺒ
210,80,30,100,150000,218996,-68996,20,
130,80,40,10,150000,102207,47793,16,஫
140,80,40,20,150000,112438,37562,16,फ
150,80,40,30,150000,119214,30786,16,ބ
160,80,40,40,150000,117000,33000,14,व
170,80,40,50,150000,136740,13260,15,ʹ
180,80,40,60,150000,154514,-4514,16,ﻦ
190,80,40,70,150000,154644,-4644,15,ﻋ
200,80,40,80,150000,145912,4088,14,Ĥ
210,80,40,90,150000,180950,-30950,16,
220,80,40,100,150000,152308,-2308,13,ｏ
140,80,50,10,150000,96840,53160,13,࿹
150,80,50,20,150000,94848,55152,12,ᇴ
160,80,50,30,150000,110376,39624,13,௨
170,80,50,40,150000,108810,41190,12,൨
180,80,50,50,150000,132096,17904,13,ա
190,80,50,60,150000,126735,23265,12,ޒ
200,80,50,70,150000,134244,15756,12,ԡ
210,80,50,80,150000,107901,42099,9,ቅ
220,80,50,90,150000,167580,-17580,13,視
230,80,50,100,150000,148239,1761,11, 
150,80,60,10,150000,86387,63613,10,ᣙ
160,80,60,20,150000,97328,52672,11,ኴ
170,80,60,30,150000,117735,32265,12,઀
180,80,60,40,150000,120050,29950,12,ি
190,80,60,50,150000,90206,59794,8,ᴲ
200,80,60,60,150000,98840,51160,8,᣻
210,80,60,70,150000,111923,38077,9,ႆ
220,80,60,80,150000,145080,4920,11,ƿ
230,80,60,90,150000,148330,1670,11,
240,80,60,100,150000,134232,15768,9,ۘ
160,80,70,10,150000,67482,82518,7,⸌
170,80,70,20,150000,102557,47443,10,ኈ
180,80,70,30,150000,90220,59780,8,ᴰ
190,80,70,40,150000,93940,56060,8,᭟
200,80,70,50,150000,101848,48152,8,ឃ
210,80,70,60,150000,132675,17325,10,ۄ
220,80,70,70,150000,127744,22256,9,ন
230,80,70,80,150000,126764,23236,9,ਕ
240,80,70,90,150000,112140,37860,8,ቼ
250,80,70,100,150000,163301,-13301,11,קּ
170,80,80,10,150000,71247,78753,6,㍅
180,80,80,20,150000,88452,61548,8,ḍ
190,80,80,30,150000,111036,38964,9,ჩ
200,80,80,40,150000,87060,62940,7,⌟
210,80,80,50,150000,114219,35781,9,྇
220,80,80,60,150000,90816,59184,6,⚈
230,80,80,70,150000,113919,36081,8,ᆞ
240,80,80,80,150000,102096,47904,7,᪻
250,80,80,90,150000,120300,29700,8,຀
260,80,80,100,150000,110214,39786,7,ᘳ
180,80,90,10,150000,72856,77144,6,㈹
190,80,90,20,150000,74576,75424,6,ㄚ
200,80,90,30,150000,83080,66920,6,⮑
210,80,90,40,150000,84955,65045,6,⩘
220,80,90,50,150000,103292,46708,7,ᨐ
230,80,90,60,150000,102666,47334,7,ᩪ
240,80,90,70,150000,102934,47066,6,Ấ
250,80,90,80,150000,116270,33730,7,ዒ
260,80,90,90,150000,107120,42880,6,ᯪ
270,80,90,100,150000,116864,33136,7,ች
190,80,100,10,150000,81801,68199,6,ⱦ
200,80,100,20,150000,87936,62064,6,⡨
210,80,100,30,150000,92259,57741,6,▗
220,80,100,40,150000,89880,60120,6,✤
230,80,100,50,150000,97236,52764,6,≚
240,80,100,60,150000,102676,47324,6,ỏ
250,80,100,70,150000,100330,49670,6,⁖
260,80,100,80,150000,108076,41924,6,ᭋ
270,80,100,90,150000,117130,32870,6,ᕦ
280,80,100,100,150000,115808,34192,6,ᙂ
120,90,20,10,150000,144342,5658,32,°
130,90,20,20,150000,130650,19350,26,˨
140,90,20,30,150000,168504,-18504,30,ﶘ
150,90,20,40,150000,170035,-20035,27,ﴚ
160,90,20,50,150000,195296,-45296,28,羚
170,90,20,60,150000,237799,-87799,32,
180,90,20,70,150000,280720,-130720,35,
190,90,20,80,150000,275587,-125587,32,
200,90,20,90,150000,284464,-134464,30,
210,90,20,100,150000,291060,-141060,29,
130,90,30,10,150000,80784,69216,14,ፐ
140,90,30,20,150000,96210,53790,16,ഡ
150,90,30,30,150000,129426,20574,19,к
160,90,30,40,150000,142488,7512,19,Ƌ
170,90,30,50,150000,147732,2268,18,~
180,90,30,60,150000,173880,-23880,20,ﭖ
190,90,30,70,150000,158625,-8625,17,︅
200,90,30,80,150000,200736,-50736,20,
210,90,30,90,150000,213078,-63078,20,
220,90,30,100,150000,207954,-57954,19,
140,90,40,10,150000,111872,38128,17,ࣂ
150,90,40,20,150000,103110,46890,14,ക
160,90,40,30,150000,117154,32846,15,ࢍ
170,90,40,40,150000,137145,12855,16,̣
180,90,40,50,150000,139612,10388,15,ʴ
190,90,40,60,150000,144807,5193,15,Ś
200,90,40,70,150000,147000,3000,14,Ö
210,90,40,80,150000,154866,-4866,14,ﺥ
220,90,40,90,150000,153776,-3776,13,ﻞ
230,90,40,100,150000,185614,-35614,15,
150,90,50,10,150000,76553,73447,10,Ჰ
160,90,50,20,150000,104000,46000,13,ි
170,90,50,30,150000,95460,54540,11,፞
180,90,50,40,150000,118266,31734,12,੔
190,90,50,50,150000,119511,30489,12,৬
200,90,50,60,150000,137332,12668,13,ώ
210,90,50,70,150000,145035,4965,13,Ž
220,90,50,80,150000,144072,5928,12,Ǯ
230,90,50,90,150000,162016,-12016,13,ﱤ
240,90,50,100,150000,165376,-15376,12,﫿
160,90,60,10,150000,72786,77214,8,△
170,90,60,20,150000,104805,45195,11,ဌ
180,90,60,30,150000,108960,41040,11,ຒ
190,90,60,40,150000,106386,43614,10,ᄉ
200,90,60,50,150000,124740,25260,11,ࣸ
210,90,60,60,150000,129675,20325,11,ܷ
220,90,60,70,150000,119220,30780,9,൜
230,90,60,80,150000,137970,12030,10,ҳ
240,90,60,90,150000,135498,14502,10,֪
250,90,60,100,150000,161667,-11667,11,ﯜ
170,90,70,10,150000,98512,51488,10,ᐜ
180,90,70,20,150000,104150,45850,10,ᇩ
190,90,70,30,150000,118031,31969,11,୚
200,90,70,40,150000,77280,72720,6,⽘
210,90,70,50,150000,93279,56721,7,ᾧ
220,90,70,60,150000,105400,44600,8,ᗇ
230,90,70,70,150000,125255,24745,9,ઽ
240,90,70,80,150000,136952,13048,10,Ԙ
250,90,70,90,150000,164933,-14933,11,荒
260,90,70,100,150000,139120,10880,9,Ҹ
180,90,80,10,150000,86892,63108,8,Ố
190,90,80,20,150000,94600,55400,8,ᬍ
200,90,80,30,150000,115594,34406,9,໮
210,90,80,40,150000,100345,49655,8,ᠾ
220,90,80,50,150000,105408,44592,8,ᗆ
230,90,80,60,150000,94269,55731,7,Ἑ
240,90,80,70,150000,99750,50250,7,ᰊ
250,90,80,80,150000,109500,40500,7,ᚙ
260,90,80,90,150000,121524,28476,7,࿤
270,90,80,100,150000,116446,33554,7,ኹ
190,90,90,10,150000,89889,60111,7,↋
200,90,90,20,150000,86160,63840,7,⎠
210,90,90,30,150000,84924,65076,6,⩞
220,90,90,40,150000,88308,61692,6,⠪
230,90,90,50,150000,100257,49743,7,ᯂ
240,90,90,60,150000,96192,53808,6,⌈
250,90,90,70,150000,106650,43350,7,ᠰ
260,90,90,80,150000,102882,47118,6,ậ
270,90,90,90,150000,118341,31659,7,ᆪ
280,90,90,100,150000,121128,28872,7,လ
200,90,100,10,150000,80910,69090,6,⳻
210,90,100,20,150000,85020,64980,6,⩎
220,90,100,30,150000,98192,51808,7,ᳩ
230,90,100,40,150000,94856,55144,6,⏦
240,90,100,50,150000,105746,44254,7,ᢲ
250,90,100,60,150000,109109,40891,7,ᛑ
260,90,100,70,150000,108640,41360,6,᫭
270,90,100,80,150000,115453,34547,6,ᙽ
280,90,100,90,150000,113692,36308,6,ឣ
290,90,100,100,150000,119616,30384,6,Ꮘ
130,100,20,10,150000,117921,32079,25,ԃ
140,100,20,20,150000,165958,-15958,31,﷾
150,100,20,30,150000,191081,-41081,32,﫽
160,100,20,40,150000,210048,-60048,32,
170,100,20,50,150000,204610,-54610,29,
180,100,20,60,150000,273258,-123258,35,
190,100,20,70,150000,291592,-141592,35,
200,100,20,80,150000,291016,-141016,33,
210,100,20,90,150000,335345,-185345,35,
220,100,20,100,150000,351950,-201950,35,
140,100,30,10,150000,115108,34892,20,ې
150,100,30,20,150000,126852,23148,20,҅
160,100,30,30,150000,131478,18522,19,ώ
170,100,30,40,150000,148999,1001,20,2
180,100,30,50,150000,172360,-22360,21,ﯘ
190,100,30,60,150000,167743,-17743,19,ﱛ
200,100,30,70,150000,183678,-33678,19,樂
210,100,30,80,150000,202762,-52762,20,
220,100,30,90,150000,201136,-51136,19,
230,100,30,100,150000,192445,-42445,17,
150,100,40,10,150000,91608,58392,13,ᆋ
160,100,40,20,150000,99972,50028,13,༈
170,100,40,30,150000,127725,22275,16,հ
180,100,40,40,150000,103866,46134,12,༄
190,100,40,50,150000,125865,24135,13,݀
200,100,40,60,150000,122304,27696,12,ऄ
210,100,40,70,150000,142851,7149,14,Ǿ
220,100,40,80,150000,149958,42,13,
230,100,40,90,150000,175845,-25845,15,聾
240,100,40,100,150000,178800,-28800,14,
160,100,50,10,150000,78622,71378,10,ᯡ
170,100,50,20,150000,89749,60251,10,ញ
180,100,50,30,150000,116996,33004,13,৪
190,100,50,40,150000,121307,28693,12,ॗ
200,100,50,50,150000,122800,27200,12,ࣚ
210,100,50,60,150000,136687,13313,12,ѕ
220,100,50,70,150000,150024,-24,13,￿
230,100,50,80,150000,146792,3208,12,ċ
240,100,50,90,150000,162874,-12874,13,ﰢ
250,100,50,100,150000,191100,-41100,14,
170,100,60,10,150000,90429,59571,10,ᝅ
180,100,60,20,150000,118404,31596,12,੉
190,100,60,30,150000,114121,35879,11,ಽ
200,100,60,40,150000,106756,43244,10,ფ
210,100,60,50,150000,132110,17890,12,ג
220,100,60,60,150000,133748,16252,11,ׅ
230,100,60,70,150000,143594,6406,11,Ɇ
240,100,60,80,150000,136704,13296,10,Ա
250,100,60,90,150000,108071,41929,8,ᑹ
260,100,60,100,150000,164920,-14920,11,華
180,100,70,10,150000,80640,69360,8,⇞
190,100,70,20,150000,95574,54426,9,ស
200,100,70,30,150000,97740,52260,9,ᚮ
210,100,70,40,150000,80541,69459,7,⛂
220,100,70,50,150000,89160,60840,7,⇳
230,100,70,60,150000,117306,32694,9,ะ
240,100,70,70,150000,129492,20508,9,ࣦ
250,100,70,80,150000,111849,38151,8,አ
260,100,70,90,150000,144864,5136,10,ȁ
270,100,70,100,150000,136350,13650,9,׬
190,100,80,10,150000,77433,72567,7,⡾
200,100,80,20,150000,96544,53456,8,ᨚ
210,100,80,30,150000,82659,67341,7,▔
220,100,80,40,150000,85622,64378,6,⧩
230,100,80,50,150000,87945,62055,6,⡦
240,100,80,60,150000,103836,46164,7,ᧂ
250,100,80,70,150000,131634,18366,9,߸
260,100,80,80,150000,141488,8512,9,α
270,100,80,90,150000,124201,25799,8,ಘ
280,100,80,100,150000,116400,33600,7,ዀ
200,100,90,10,150000,79924,70076,6,⶟
210,100,90,20,150000,84302,65698,6,⫅
220,100,90,30,150000,88896,61104,6,⟈
230,100,90,40,150000,92460,57540,6,╶
240,100,90,50,150000,94780,55220,6,⏳
250,100,90,60,150000,96579,53421,6,⋇
260,100,90,70,150000,109212,40788,7,ᛂ
270,100,90,80,150000,109968,40032,6,ᨐ
280,100,90,90,150000,128248,21752,7,ణ
290,100,90,100,150000,117385,32615,6,ᔻ
210,100,100,10,150000,84420,65580,6,⪲
220,100,100,20,150000,91608,58392,6,☄
230,100,100,30,150000,100326,49674,7,᮸
240,100,100,40,150000,95184,54816,6,⎰
250,100,100,50,150000,102900,47100,6,Ẫ
260,100,100,60,150000,100464,49536,6,⁀
270,100,100,70,150000,108378,41622,6,ᬙ
280,100,100,80,150000,114408,35592,6,ᜬ
290,100,100,90,150000,118668,31332,6,ᑦ
300,100,100,100,150000,122220,27780,6,ሖ
